feature,importance
live weithg,0.622771633855948
std_x,0.37722836614405203
