feature,importance
live weithg,0.4875426570865303
max_distance,0.20259614510703217
principal_length_1,0.15907713600691673
std_x,0.15078406179952092
