feature,importance
live weithg,0.4705973158879718
std_x,0.30207726346913616
flatness,0.12123197779229698
eigenvalue_3,0.10609344285059502
