feature,importance
live weithg,0.4651059200163831
point_count,0.2765525322168976
avg_distance,0.25834154776671936
