feature,importance
live weithg,0.6407892748564592
distance_q3,0.35921072514354074
