feature,importance
live weithg,0.47917888548788545
std_x,0.21014388172436627
max_distance,0.15670590500749235
principal_length_3,0.15397132778025585
