feature,importance
live weithg,0.4096763268425256
max_distance,0.2984814141479418
std_x,0.29184225900953265
