feature,importance
live weithg,0.3018459084926817
max_distance,0.16722018923400442
point_count,0.16174978652638888
principal_length_1,0.1499561219910433
width,0.1307026883669067
sphericity,0.08852530538897503
