feature,importance
live weithg,0.5809068273141876
eigenvalue_1,0.41909317268581237
