mae_mean,mae_std,r2_mean,r2_std,within_10pct_mean,within_10pct_std
39.887369903516955,3.851406524830876,0.44884078804782596,0.10047482846653213,68.62745098039215,4.471276176859367
